{
  "sequential": {
    "total_requests": 10,
    "successful_requests": 10,
    "failed_requests": 0,
    "success_rate": 100.0,
    "response_times": {
      "min": 0.70391845703125,
      "max": 0.7060337066650391,
      "mean": 0.7044914245605469,
      "median": 0.7043302059173584,
      "std_dev": 0.0006033437121399132
    },
    "performance_grade": "A+ (Excellent)",
    "meets_8s_requirement": true,
    "under_5s_percentage": 100.0,
    "under_3s_percentage": 100.0
  },
  "concurrent": {
    "total_requests": 5,
    "successful_requests": 5,
    "failed_requests": 0,
    "success_rate": 100.0,
    "response_times": {
      "min": 0.7081940174102783,
      "max": 0.7106375694274902,
      "mean": 0.7094804286956787,
      "median": 0.7096142768859863,
      "std_dev": 0.0011833970671676173
    },
    "performance_grade": "A+ (Excellent)",
    "meets_8s_requirement": true,
    "under_5s_percentage": 100.0,
    "under_3s_percentage": 100.0
  },
  "stress": {
    "total_requests": 10,
    "successful_requests": 10,
    "failed_requests": 0,
    "success_rate": 100.0,
    "response_times": {
      "min": 0.7080068588256836,
      "max": 0.7143628597259521,
      "mean": 0.7112422227859497,
      "median": 0.7109837532043457,
      "std_dev": 0.002112287740838109
    },
    "performance_grade": "A+ (Excellent)",
    "meets_8s_requirement": true,
    "under_5s_percentage": 100.0,
    "under_3s_percentage": 100.0
  }
}